City_ID,City,Country,Lat,Lng,Max Temp,Humidity,Cloudiness,Wind Speed,Current Description
0,Rio Grande,BR,-32.03,-52.1,62.6,36,0,8.05,clear sky
1,Kumluca,TR,36.37,30.29,85.8,37,0,7.4,clear sky
2,Nikolskoye,RU,59.7,30.79,66.2,63,40,4.47,scattered clouds
3,Dingle,PH,11.0,122.67,76.44,89,94,2.17,overcast clouds
4,Malumfashi,NG,11.79,7.62,73.35,82,97,5.12,overcast clouds
5,Mataura,NZ,-46.19,168.86,39.0,97,96,1.01,overcast clouds
6,Rutana,BI,-3.87,30.1,64.62,54,76,4.14,broken clouds
7,Lima,PE,-12.04,-77.03,62.6,72,90,12.75,overcast clouds
8,Melito Di Porto Salvo,IT,37.92,15.77,82.4,78,0,16.11,clear sky
9,Hilo,US,19.73,-155.09,82.4,69,20,5.82,few clouds
10,Sibolga,ID,1.74,98.78,74.88,84,57,3.38,broken clouds
11,Pisco,PE,-13.7,-76.22,64.99,82,75,8.05,broken clouds
12,Albany,US,42.6,-73.97,87.01,42,22,8.77,few clouds
13,Sur,OM,22.57,59.53,81.16,74,98,13.51,overcast clouds
14,Tetiz,MX,20.97,-89.93,93.2,56,75,3.36,broken clouds
15,Bluff,NZ,-46.6,168.33,39.0,97,94,1.01,overcast clouds
16,Santa Isabel Do Rio Negro,BR,-0.41,-65.02,89.82,51,50,1.81,light rain
17,Ushuaia,AR,-54.8,-68.3,44.6,84,40,17.22,shower rain
18,Kaitangata,NZ,-46.28,169.85,50.0,83,100,5.01,overcast clouds
19,Yaan,NG,7.38,8.57,75.72,90,100,4.12,moderate rain
20,Punta Arenas,CL,-53.15,-70.92,46.4,65,40,23.04,scattered clouds
21,Caravelas,BR,-17.71,-39.25,71.87,77,100,13.49,overcast clouds
22,Ribeira Grande,PT,38.52,-28.7,73.4,78,40,6.93,scattered clouds
23,Bathsheba,BB,13.22,-59.52,87.8,70,20,10.29,few clouds
24,Ilanskiy,RU,56.24,96.06,52.77,92,100,6.85,overcast clouds
25,Marsh Harbour,BS,26.54,-77.06,85.06,75,0,15.95,clear sky
26,Saskylakh,RU,71.92,114.08,35.69,85,0,4.61,clear sky
27,Teknaf,BD,20.86,92.31,79.74,87,100,3.42,light rain
28,Merauke,ID,-8.47,140.33,73.04,89,15,11.88,few clouds
29,Vaini,TO,-21.2,-175.2,75.2,94,20,6.93,few clouds
30,Port Blair,IN,11.67,92.75,82.22,78,100,12.86,overcast clouds
31,Pangnirtung,CA,66.15,-65.71,50.0,76,20,9.17,few clouds
32,Busselton,AU,-33.65,115.33,50.0,84,80,11.63,broken clouds
33,Chokurdakh,RU,70.63,147.92,30.83,99,98,5.59,overcast clouds
34,Prince Rupert,CA,54.32,-130.32,59.0,82,90,13.87,overcast clouds
35,Hasaki,JP,35.73,140.83,77.0,94,75,4.7,mist
36,Hobart,AU,-42.88,147.33,46.4,81,90,16.11,light intensity shower rain
37,Kudahuvadhoo,MV,2.67,72.89,84.38,68,22,8.23,few clouds
38,Cabo San Lucas,MX,22.89,-109.91,91.4,58,5,9.17,clear sky
39,Broska,UA,45.37,28.78,75.2,60,38,3.36,scattered clouds
40,Tasiilaq,GL,65.61,-37.64,50.0,53,20,12.75,few clouds
41,Mar Del Plata,AR,-38.0,-57.56,60.8,31,0,16.11,clear sky
42,Dandong,CN,40.13,124.39,68.88,95,99,1.39,overcast clouds
43,Port Elizabeth,ZA,-33.92,25.57,59.0,72,0,4.7,clear sky
44,Eyrarbakki,IS,63.86,-21.15,60.01,76,33,8.05,scattered clouds
45,Ilulissat,GL,69.22,-51.1,46.4,61,20,4.7,few clouds
46,Flinders,AU,-34.58,150.86,50.0,59,1,11.99,clear sky
47,Cape Town,ZA,-33.93,18.42,57.0,93,0,2.24,clear sky
48,Khatanga,RU,71.97,102.5,48.79,76,0,7.14,clear sky
49,Ligayan,PH,4.65,119.47,84.9,69,84,4.9,broken clouds
50,Castro,BR,-24.79,-50.01,51.73,71,77,8.7,broken clouds
51,Marystown,CA,47.17,-55.15,64.98,61,0,14.99,clear sky
52,Longyearbyen,SJ,78.22,15.64,44.6,65,40,8.05,scattered clouds
53,Hermanus,ZA,-34.42,19.23,57.99,87,0,1.99,clear sky
54,Abu Kamal,SY,34.45,40.92,86.16,24,0,15.82,clear sky
55,Hwange,ZW,-18.37,26.5,71.01,48,97,9.57,overcast clouds
56,Georgetown,MY,5.41,100.34,80.6,88,20,1.48,few clouds
57,Wattegama,LK,6.8,81.48,80.6,94,75,6.93,broken clouds
58,Bumba,CD,2.18,22.47,73.62,93,100,4.79,overcast clouds
59,Turner,US,44.26,-70.26,77.0,64,13,4.0,light rain
60,Petropavlovsk-Kamchatskiy,RU,53.05,158.65,48.2,81,0,8.95,clear sky
61,Havoysund,NO,71.0,24.66,64.4,72,59,26.4,broken clouds
62,Hithadhoo,MV,-0.6,73.08,83.48,79,0,15.08,clear sky
63,Rikitea,PF,-23.12,-134.97,66.76,71,28,19.28,scattered clouds
64,Tomatlan,MX,19.93,-105.25,92.79,58,28,7.67,scattered clouds
65,Dongying,CN,37.46,118.49,71.19,75,0,4.88,clear sky
66,Atuona,PF,-9.8,-139.03,78.35,78,4,19.35,light rain
67,Kangaatsiaq,GL,68.31,-53.46,46.13,80,0,6.78,clear sky
68,Xuanzhou,CN,30.95,118.76,77.23,89,1,1.95,clear sky
69,Airai,TL,-8.93,125.41,57.51,42,35,3.53,scattered clouds
70,Jiamusi,CN,46.83,130.35,57.49,83,100,5.01,overcast clouds
71,Upernavik,GL,72.79,-56.15,43.93,72,70,9.91,broken clouds
72,Luchegorsk,RU,46.48,134.26,54.95,93,100,3.04,overcast clouds
73,Bambous Virieux,MU,-20.34,57.76,69.8,83,40,11.41,scattered clouds
74,North Bend,US,43.41,-124.22,73.99,68,1,14.99,clear sky
75,Kalemie,CD,-5.95,29.19,71.91,59,40,2.13,scattered clouds
76,Tianpeng,CN,30.99,103.94,77.0,99,100,2.01,heavy intensity rain
77,Vardo,NO,70.37,31.11,59.23,78,53,18.99,broken clouds
78,Huanren,CN,41.26,125.37,65.5,92,97,0.81,light rain
79,Port Alfred,ZA,-33.59,26.89,61.92,60,0,4.14,clear sky
80,Christchurch,NZ,-43.53,172.63,52.0,100,100,5.82,overcast clouds
81,Altay,CN,47.87,88.12,57.58,37,87,3.98,overcast clouds
82,Comodoro Rivadavia,AR,-45.87,-67.5,68.0,32,40,21.92,scattered clouds
83,Tuktoyaktuk,CA,69.45,-133.04,53.6,81,20,11.41,few clouds
84,Kodiak,US,57.79,-152.41,66.2,59,20,3.36,few clouds
85,Ust-Tsilma,RU,65.44,52.15,54.27,87,37,0.6,scattered clouds
86,Jamestown,US,42.1,-79.24,84.99,47,75,8.05,broken clouds
87,San Cristobal,VE,7.77,-72.22,93.2,36,40,14.99,scattered clouds
88,Talnakh,RU,69.49,88.4,57.2,67,38,13.42,scattered clouds
89,Horsham,GB,51.06,-0.33,64.4,72,20,12.75,few clouds
90,Narsaq,GL,60.92,-46.05,55.4,58,20,10.29,few clouds
91,Abha,SA,18.22,42.51,71.6,83,21,3.36,haze
92,Cervo,ES,43.67,-7.41,66.99,1,5,4.03,clear sky
93,Bredasdorp,ZA,-34.53,20.04,57.2,82,0,12.75,clear sky
94,Henties Bay,NA,-22.12,14.28,66.0,61,0,8.14,clear sky
95,Sangrur,IN,30.23,75.83,81.3,76,7,5.66,clear sky
96,Coihaique,CL,-45.58,-72.07,51.8,62,90,6.93,overcast clouds
97,Port-Gentil,GA,-0.72,8.78,77.0,83,40,14.65,scattered clouds
98,Huarmey,PE,-10.07,-78.15,68.34,62,9,11.18,clear sky
99,Garwa,IN,24.18,83.82,77.81,89,99,3.67,overcast clouds
100,Emerald,AU,-23.53,148.17,50.0,53,0,8.05,clear sky
101,Bulaevo,KZ,54.91,70.44,53.37,95,36,7.34,scattered clouds
102,Saint-Francois,FR,46.42,3.91,73.4,49,100,5.82,overcast clouds
103,Pacific Grove,US,36.62,-121.92,66.2,68,1,8.05,haze
104,Bulgan,MN,48.81,103.53,53.15,67,27,2.66,scattered clouds
105,Barrow,US,71.29,-156.79,41.0,93,90,23.04,mist
106,Fortuna,US,40.6,-124.16,69.01,82,40,11.41,scattered clouds
107,Awjilah,LY,29.11,21.29,83.1,49,0,17.31,clear sky
108,Boende,CD,-0.22,20.87,73.98,91,100,2.64,overcast clouds
109,Pingliang,CN,35.54,106.69,66.33,87,100,4.56,overcast clouds
110,Xiaoweizhai,CN,26.19,107.51,68.85,93,30,3.29,scattered clouds
111,Kapaa,US,22.08,-159.32,84.2,66,1,14.99,clear sky
112,Locri,IT,38.24,16.26,81.0,78,0,16.11,clear sky
113,Jyvaskyla,FI,62.24,25.72,62.6,93,90,8.05,moderate rain
114,East London,ZA,-33.02,27.91,67.57,37,0,5.86,clear sky
115,Sawtell,AU,-30.38,153.1,51.01,43,0,6.93,clear sky
116,Camargo,MX,27.67,-105.17,96.46,21,0,15.52,clear sky
117,Qaanaaq,GL,77.48,-69.36,38.34,78,100,2.84,overcast clouds
118,Te Anau,NZ,-45.42,167.72,40.05,89,100,0.34,overcast clouds
119,Constitucion,CL,-35.33,-72.42,60.26,60,0,7.74,clear sky
120,Vagay,RU,57.94,69.02,50.58,96,20,4.79,few clouds
121,Lavrentiya,RU,65.58,-171.0,46.17,95,100,9.48,light rain
122,Victoria,HK,22.29,114.16,82.0,78,37,5.41,scattered clouds
123,Samarai,PG,-10.62,150.67,75.65,76,100,11.9,overcast clouds
124,Toccoa,US,34.58,-83.33,84.2,58,1,6.93,clear sky
125,Suntar,RU,62.14,117.63,43.0,78,0,1.12,clear sky
126,Provideniya,RU,64.38,-173.3,49.14,94,100,5.26,light rain
127,Vestmannaeyjar,IS,63.44,-20.27,53.6,71,23,9.17,few clouds
128,Paamiut,GL,61.99,-49.67,44.01,91,18,10.83,few clouds
129,Isangel,VU,-19.55,169.27,73.4,83,13,6.93,few clouds
130,Aswan,EG,24.09,32.91,89.85,17,0,13.27,clear sky
131,Staryy Nadym,RU,65.61,72.68,54.14,85,100,12.88,overcast clouds
132,Nyagan,RU,62.14,65.39,52.65,94,50,7.4,scattered clouds
133,Williams Lake,CA,52.14,-122.14,60.8,44,75,4.38,broken clouds
134,Tutoia,BR,-2.76,-42.27,82.69,72,1,13.11,clear sky
135,Tiksi,RU,71.69,128.87,40.19,91,100,7.11,light rain
136,Kasempa,ZM,-13.46,25.83,66.4,42,0,8.23,clear sky
137,Salta,AR,-24.79,-65.41,64.4,15,75,10.29,broken clouds
138,Alofi,NU,-19.06,-169.92,75.2,94,6,6.93,clear sky
139,Puerto Ayora,EC,-0.74,-90.35,75.2,60,60,17.22,broken clouds
140,Phuket,TH,8.0,98.25,84.99,83,20,5.82,few clouds
141,Motygino,RU,58.18,94.76,55.58,96,100,2.53,light rain
142,Maldonado,UY,-34.67,-54.92,60.01,44,0,10.29,clear sky
143,Nanakuli,US,21.39,-158.15,82.4,61,1,5.82,clear sky
144,Paranhos,BR,-23.89,-55.43,62.33,56,2,4.76,clear sky
145,Talaya,RU,61.38,152.75,33.44,91,100,5.28,overcast clouds
146,Kupang,ID,-10.17,123.58,72.36,78,0,5.61,clear sky
147,Meulaboh,ID,4.14,96.13,74.73,88,91,3.04,overcast clouds
148,Erdenet,MN,49.03,104.08,52.99,78,5,2.55,clear sky
149,Tagusao,PH,9.19,117.81,79.93,79,65,5.68,broken clouds
150,Redlands,US,34.06,-117.18,95.0,26,40,6.93,haze
151,Ustyuzhna,RU,58.84,36.43,60.93,75,100,4.09,overcast clouds
152,Esperance,AU,-33.87,121.9,50.0,87,40,12.75,scattered clouds
153,Vostok,RU,46.49,135.88,50.4,92,100,3.56,overcast clouds
154,Santa Maria Da Vitoria,BR,-13.39,-44.19,93.76,23,73,3.85,broken clouds
155,Grand-Santi,GF,4.25,-54.38,93.45,38,89,2.1,overcast clouds
156,Teya,RU,60.38,92.63,52.61,89,100,1.7,overcast clouds
157,Richards Bay,ZA,-28.78,32.04,66.6,67,0,13.4,clear sky
158,Clinton,US,42.59,-82.92,91.99,54,20,10.29,few clouds
159,Dikson,RU,73.51,80.55,47.82,76,68,8.01,broken clouds
160,Severo-Kurilsk,RU,50.68,156.12,49.32,89,39,11.59,scattered clouds
161,Pinecrest,US,25.67,-80.31,93.0,59,40,17.22,scattered clouds
162,Kenai,US,60.55,-151.26,64.4,67,1,5.82,clear sky
163,Santana Do Matos,BR,-5.96,-36.66,95.29,19,25,15.7,scattered clouds
164,Yellowknife,CA,62.46,-114.35,57.0,71,75,16.11,broken clouds
165,Kadaura,IN,25.98,79.85,79.29,81,94,10.65,overcast clouds
166,Namibe,AO,-15.2,12.15,63.57,89,14,1.95,few clouds
167,Lebu,CL,-37.62,-73.65,53.94,73,0,11.25,clear sky
168,Soyo,AO,-6.13,12.37,74.14,84,1,8.5,clear sky
169,Manono,CD,-7.3,27.42,82.08,30,4,6.71,clear sky
170,Karanja,IN,20.48,77.48,75.13,91,100,8.14,overcast clouds
171,Olafsvik,IS,64.89,-23.71,52.41,67,0,8.14,clear sky
172,Lasa,IT,46.62,10.7,63.0,93,5,4.7,clear sky
173,Bengkulu,ID,-3.8,102.27,76.26,89,90,3.31,overcast clouds
174,Hovd,MN,48.01,91.64,58.8,52,97,3.6,overcast clouds
175,Jalu,LY,29.03,21.55,84.76,41,0,16.13,clear sky
176,Clyde River,CA,70.47,-68.59,49.5,71,100,7.2,overcast clouds
177,Norman Wells,CA,65.28,-126.83,62.6,63,40,11.41,scattered clouds
178,Bilma,NE,18.69,12.92,98.78,26,43,4.23,scattered clouds
179,Roma,US,43.21,-75.46,82.4,58,20,10.29,few clouds
180,Ancud,CL,-41.87,-73.82,55.99,87,40,16.11,scattered clouds
181,Tuzha,RU,57.61,47.94,54.91,86,46,5.12,scattered clouds
182,Hami,CN,42.8,93.45,78.55,24,0,4.43,clear sky
183,Uarini,BR,-2.99,-65.11,71.6,73,90,4.7,overcast clouds
184,Shimoda,JP,34.67,138.95,71.01,93,100,3.36,light rain
185,Ampanihy,MG,-24.7,44.75,61.27,76,0,9.42,clear sky
186,Carnarvon,AU,-24.87,113.63,66.2,68,100,9.17,overcast clouds
187,Butaritari,KI,3.07,172.79,82.58,65,70,6.26,broken clouds
188,Adrar,MR,20.5,-10.07,106.92,8,15,7.34,few clouds
189,Mildura,AU,-34.2,142.15,42.8,100,75,8.05,broken clouds
190,Suleja,NG,9.18,7.18,73.11,89,17,0.81,few clouds
191,Chyhyryn,UA,49.08,32.66,65.53,66,0,8.16,clear sky
192,Timbiras,BR,-4.26,-43.94,92.98,39,98,2.19,overcast clouds
193,Cherskiy,RU,68.75,161.3,38.5,92,100,20.4,overcast clouds
194,Puerto Baquerizo Moreno,EC,-0.9,-89.6,69.8,83,75,13.87,broken clouds
195,Pevek,RU,69.7,170.31,38.59,97,100,5.84,light rain
196,Cockburn Town,TC,21.46,-71.14,84.04,81,100,23.64,overcast clouds
197,Formosa Do Rio Preto,BR,-11.05,-45.19,91.83,24,94,2.39,overcast clouds
198,Saint-Pierre,RE,-21.34,55.48,66.2,68,0,9.17,clear sky
199,Bethel,US,41.37,-73.41,90.0,40,1,8.05,clear sky
200,Skibbereen,IE,51.55,-9.27,59.0,82,75,14.99,broken clouds
201,Angoche,MZ,-16.23,39.91,71.96,77,28,11.43,scattered clouds
202,Aleksandrov Gay,RU,50.15,48.57,64.78,51,83,8.99,broken clouds
203,Arraial Do Cabo,BR,-22.97,-42.03,68.0,60,75,12.75,broken clouds
204,Cotonou,BJ,6.37,2.42,75.96,87,43,9.91,scattered clouds
205,Muisne,EC,0.6,-80.03,80.6,74,75,9.17,broken clouds
206,Rawson,AR,-43.3,-65.1,65.91,26,0,9.22,clear sky
207,Mnogovershinnyy,RU,53.94,139.92,45.88,94,94,2.01,overcast clouds
208,Saint George,US,37.1,-113.58,98.01,30,1,4.7,clear sky
209,Nacogdoches,US,31.6,-94.63,93.99,43,1,6.93,clear sky
210,Ambilobe,MG,-13.2,49.05,68.88,70,63,6.71,broken clouds
211,Moussoro,TD,13.64,16.49,83.28,68,100,8.66,overcast clouds
212,Mitsamiouli,KM,-11.38,43.28,77.0,78,20,4.25,few clouds
213,Baruun-Urt,MN,46.68,113.28,53.37,96,17,6.58,few clouds
214,Kahului,US,20.89,-156.47,80.6,78,40,11.41,light rain
215,Port Hedland,AU,-20.32,118.57,60.8,44,0,8.05,clear sky
216,Benguela,AO,-12.58,13.41,68.29,86,3,0.45,clear sky
217,Bow Island,CA,49.87,-111.37,86.0,16,20,27.51,few clouds
218,Praxedis Guerrero,MX,31.37,-106.02,97.0,23,5,9.78,clear sky
219,Port Hardy,CA,50.7,-127.42,57.2,87,90,6.93,light rain
220,Huacho,PE,-11.11,-77.61,66.25,67,8,10.25,clear sky
221,Mortka,RU,59.33,66.02,50.74,97,83,6.06,broken clouds
222,Nuevitas,CU,21.55,-77.26,91.4,59,40,3.36,scattered clouds
223,Manggar,ID,-2.88,108.27,81.12,82,64,11.72,broken clouds
224,Karratha,AU,-20.74,116.85,69.06,49,0,7.85,clear sky
225,Iqaluit,CA,63.75,-68.51,48.2,70,20,8.05,few clouds
226,Beringovskiy,RU,63.05,179.32,52.0,90,59,10.54,broken clouds
227,Saldanha,ZA,-33.01,17.94,55.4,82,0,4.7,clear sky
228,Hualmay,PE,-11.1,-77.61,66.33,66,8,10.22,clear sky
229,Kaduna,NG,10.52,7.44,72.64,86,0,4.47,clear sky
230,Mount Isa,AU,-20.73,139.5,57.2,45,0,14.99,clear sky
231,Grand Gaube,MU,-20.01,57.66,69.01,78,50,3.0,scattered clouds
232,Nuuk,GL,64.18,-51.72,44.6,87,75,9.17,broken clouds
233,Nukus,UZ,42.45,59.61,84.2,21,100,4.7,overcast clouds
234,Umm Kaddadah,SD,13.6,26.69,92.34,38,86,11.32,overcast clouds
235,Lompoc,US,34.64,-120.46,84.99,54,1,11.41,clear sky
236,Boguchany,RU,58.38,97.45,58.86,93,100,3.8,moderate rain
237,Nabire,ID,-3.37,135.48,73.45,92,47,3.87,moderate rain
238,Mahebourg,MU,-20.41,57.7,69.8,83,40,11.41,scattered clouds
239,Dali,CN,25.7,100.18,61.9,86,5,3.44,clear sky
240,Wanning,CN,18.8,110.4,79.66,85,1,3.47,clear sky
241,Kosh-Agach,RU,50.0,88.67,42.4,72,10,2.53,clear sky
242,Ipixuna,BR,-1.76,-48.8,87.8,70,75,9.17,broken clouds
243,Kununurra,AU,-15.77,128.73,66.2,24,0,8.25,clear sky
244,Kondinskoye,RU,59.65,67.41,51.73,89,79,6.38,broken clouds
245,Ust-Kuyga,RU,70.02,135.6,39.36,93,100,0.67,light rain
246,Torbay,CA,47.67,-52.73,70.0,52,40,8.05,scattered clouds
247,Vila Velha,BR,-20.33,-40.29,64.4,93,90,16.11,light rain
248,Gisors,FR,49.28,1.78,69.8,52,100,8.05,overcast clouds
249,Souillac,MU,-20.52,57.52,69.8,83,40,11.41,scattered clouds
250,Omsukchan,RU,62.53,155.8,33.69,92,100,5.73,overcast clouds
251,Dunedin,NZ,-45.87,170.5,48.0,92,36,5.01,scattered clouds
252,Tucuman,AR,-26.82,-65.22,69.8,22,0,8.05,smoke
253,Lagoa,PT,39.05,-27.98,72.68,74,10,7.74,clear sky
254,Zvishavane,ZW,-20.33,30.07,56.59,62,0,7.81,clear sky
255,Broken Hill,AU,-31.95,141.43,41.0,80,2,9.17,clear sky
256,Vila Franca Do Campo,PT,37.72,-25.43,77.0,78,20,5.82,few clouds
257,Port Maria,JM,18.37,-76.89,89.01,75,7,5.99,clear sky
258,Andenes,NO,69.31,16.12,57.2,93,100,5.82,overcast clouds
259,Chuy,UY,-33.7,-53.46,57.49,49,0,5.39,clear sky
260,Ishigaki,JP,24.34,124.16,84.15,80,100,25.68,moderate rain
261,Porto De Moz,BR,-1.75,-52.24,93.25,42,100,0.92,overcast clouds
262,Cordoba,AR,-31.41,-64.18,69.01,13,0,24.16,clear sky
263,Labuhan,ID,-6.88,112.21,77.14,81,0,7.43,clear sky
264,Acari,PE,-15.43,-74.62,74.34,43,0,8.97,clear sky
265,Talara,PE,-4.58,-81.27,75.2,60,100,12.75,overcast clouds
266,Kermanshah,IR,34.31,47.06,75.2,13,0,4.7,clear sky
267,Padang,ID,-0.95,100.35,78.31,79,100,4.47,moderate rain
268,Sabang,ID,5.89,95.32,82.02,77,25,10.71,scattered clouds
269,Quelimane,MZ,-17.88,36.89,71.6,73,20,3.36,few clouds
270,Nenjiang,CN,49.18,125.22,59.58,70,100,7.7,overcast clouds
271,Yeppoon,AU,-23.13,150.73,60.8,51,0,12.75,clear sky
272,Skiathos,GR,39.16,23.49,82.4,65,0,4.47,clear sky
273,Opuwo,NA,-18.06,13.84,59.7,33,2,4.36,clear sky
274,Tawang,IN,27.58,91.87,54.54,74,94,3.09,overcast clouds
275,Muros,ES,42.78,-9.06,69.01,78,0,3.0,clear sky
276,Orocue,CO,4.79,-71.34,77.76,88,100,3.58,moderate rain
277,Kuala Selangor,MY,3.35,101.25,80.6,88,20,4.0,few clouds
278,Wasilla,US,61.58,-149.44,64.0,77,90,4.7,overcast clouds
279,Cooma,AU,-36.23,149.13,33.8,69,20,18.34,few clouds
280,Rovaniemi,FI,66.5,25.72,62.6,88,90,16.11,light intensity shower rain
281,Faanui,PF,-16.48,-151.75,76.86,80,11,25.5,light rain
282,Shelburne,CA,44.08,-80.2,82.4,51,20,12.75,few clouds
283,Namwala,ZM,-15.75,26.44,68.58,44,0,9.57,clear sky
284,Rudnogorsk,RU,57.26,103.75,59.31,65,100,2.24,overcast clouds
285,Gat,IL,31.61,34.76,82.0,39,0,0.72,clear sky
286,Thompson,CA,55.74,-97.86,48.2,81,90,8.05,overcast clouds
287,Tura,IN,25.52,90.22,73.83,97,57,6.08,broken clouds
288,Imbituba,BR,-28.24,-48.67,64.4,48,0,12.75,clear sky
289,Arlit,NE,18.74,7.39,100.69,24,12,8.79,few clouds
290,San Miguel,SV,13.48,-88.18,80.6,100,40,3.36,scattered clouds
291,Terrell,US,32.74,-96.28,93.99,33,20,3.36,few clouds
292,Aksu,CN,41.12,80.26,76.75,34,0,5.08,clear sky
293,Obuasi,GH,6.21,-1.66,72.97,95,13,2.86,light rain
294,Gavle,SE,60.67,17.14,66.0,65,11,3.0,few clouds
295,Oranjestad,AW,12.52,-70.03,86.0,79,40,9.17,scattered clouds
296,Nisia Floresta,BR,-6.09,-35.21,80.6,69,40,19.46,scattered clouds
297,San Jose,US,37.34,-121.89,89.01,45,75,4.7,smoke
298,Ariquemes,BR,-9.91,-63.04,90.1,26,0,3.8,clear sky
299,Pemberton,CA,50.32,-122.8,62.6,63,40,6.93,scattered clouds
300,Bara,NG,10.37,10.73,76.48,82,83,4.7,broken clouds
301,Zamora,EC,-4.07,-78.96,87.8,33,90,20.8,overcast clouds
302,Alim,PH,9.56,122.49,80.46,80,99,2.93,light rain
303,Texarkana,US,33.43,-94.05,90.0,43,40,4.7,scattered clouds
304,New Norfolk,AU,-42.78,147.06,44.01,91,100,1.99,moderate rain
305,Turukhansk,RU,65.82,87.98,56.17,89,100,2.57,light rain
306,Broome,US,42.25,-75.83,84.99,42,20,3.36,few clouds
307,Sept-Iles,CA,50.2,-66.38,62.6,55,40,13.87,scattered clouds
308,Gravdal,NO,68.12,13.5,56.82,93,100,13.51,overcast clouds
309,Gasa,PS,31.5,34.47,82.0,39,0,1.7,clear sky
310,Murupara,NZ,-38.47,176.7,54.0,98,94,1.01,overcast clouds
311,Amga,RU,60.9,131.96,37.92,77,0,1.79,clear sky
312,Baykit,RU,61.67,96.37,57.31,87,100,2.39,overcast clouds
313,Tual,ID,-5.67,132.75,78.76,81,36,16.69,scattered clouds
314,Whitehorse,CA,60.72,-135.05,60.8,72,75,3.36,broken clouds
315,Sassandra,CI,4.95,-6.08,75.24,89,26,8.41,scattered clouds
316,Eureka,US,40.8,-124.16,69.01,8,12,4.0,few clouds
317,Kousseri,CM,12.08,15.03,80.47,76,100,7.16,overcast clouds
318,San-Pedro,CI,4.75,-6.64,75.34,88,24,8.57,few clouds
319,Tamworth,GB,52.63,-1.7,62.6,63,40,11.41,scattered clouds
320,Aden,YE,12.78,45.04,86.23,66,46,2.21,scattered clouds
321,Sumbe,AO,-11.21,13.84,70.18,85,88,5.53,overcast clouds
322,Kenora,CA,49.82,-94.43,78.8,74,75,9.17,broken clouds
323,Kemri,IN,28.82,79.22,79.99,83,13,12.39,few clouds
324,Lake Charles,US,30.21,-93.2,93.2,52,40,6.93,scattered clouds
325,Cidreira,BR,-30.18,-50.21,56.3,62,0,6.71,clear sky
326,Kaeo,NZ,-35.1,173.78,52.0,3,0,4.68,clear sky
327,Cap Malheureux,MU,-19.98,57.61,69.01,78,37,3.0,scattered clouds
328,Qasigiannguit,GL,68.82,-51.19,46.4,61,20,4.7,few clouds
329,Villarrica,PY,-25.75,-56.43,65.97,41,0,4.74,clear sky
330,Ponta Do Sol,PT,32.67,-17.1,73.0,83,0,5.12,clear sky
331,Benjamin Constant,BR,-4.38,-70.03,68.0,72,90,5.82,overcast clouds
332,Puerto Colombia,CO,10.99,-74.95,86.0,74,40,6.93,shower rain
333,Grand-Lahou,CI,5.14,-5.02,75.27,90,50,10.07,scattered clouds
334,Juneau,US,58.3,-134.42,55.99,93,90,3.36,fog
335,Ponta Delgada,PT,37.73,-25.67,77.0,78,20,5.82,few clouds
336,Aykhal,RU,66.0,111.5,44.6,70,29,6.71,scattered clouds
337,Mandurah,AU,-32.55,115.7,59.0,79,100,14.54,overcast clouds
338,Khandyga,RU,62.67,135.6,37.18,79,0,5.7,clear sky
339,Edwardsville,US,38.81,-89.95,84.99,54,40,4.7,scattered clouds
340,Hambantota,LK,6.12,81.12,80.6,94,75,6.93,broken clouds
341,Mandalgovi,MN,45.76,106.27,58.55,51,1,3.51,clear sky
342,Katsuura,JP,35.13,140.3,78.8,83,75,11.41,light intensity shower rain
343,Huilong,CN,31.81,121.66,84.0,92,0,1.01,clear sky
344,Champerico,GT,14.3,-91.92,80.6,88,75,9.17,thunderstorm with light rain
345,Sulangan,PH,11.14,123.72,83.93,77,91,10.6,overcast clouds
346,Itarema,BR,-2.92,-39.92,82.38,64,0,16.75,clear sky
347,Terrak,NO,65.09,12.37,59.0,93,100,5.82,light intensity shower rain
348,Ibra,OM,22.69,58.53,82.33,61,100,6.89,overcast clouds
349,Auki,SB,-8.77,160.7,77.99,86,100,6.35,overcast clouds
350,Havelock,US,34.88,-76.9,89.6,52,20,12.75,few clouds
351,Gifford,US,27.68,-80.41,90.0,62,20,16.11,few clouds
352,Kabo,CF,7.7,18.63,71.53,97,100,3.62,overcast clouds
353,Marfino,RU,55.7,37.38,64.4,63,81,2.24,broken clouds
354,Dumabato,PH,16.32,121.7,73.96,85,97,1.68,overcast clouds
355,Kikwit,CD,-5.04,18.82,80.28,65,86,0.34,overcast clouds
356,Palmer,US,42.16,-72.33,90.0,51,75,8.05,broken clouds
357,Touros,BR,-5.2,-35.46,80.6,69,40,16.11,scattered clouds
358,Berezovka,BY,53.72,25.5,67.53,81,67,11.07,broken clouds
359,Havre-Saint-Pierre,CA,50.23,-63.6,62.6,63,1,14.99,clear sky
360,Kaharlyk,UA,49.86,30.83,66.0,72,0,4.47,clear sky
361,Waipawa,NZ,-41.41,175.52,50.0,87,82,3.36,broken clouds
362,Vanimo,PG,-2.67,141.3,78.03,82,17,3.67,light rain
363,Saint Anthony,US,45.02,-93.22,82.99,61,75,4.7,broken clouds
364,Ucluelet,CA,48.93,-125.55,63.0,93,20,8.05,few clouds
365,Arucas,ES,28.12,-15.52,87.01,39,11,27.51,few clouds
366,Rocha,UY,-34.48,-54.33,59.94,50,0,4.7,clear sky
367,Flin Flon,CA,54.77,-101.86,57.2,82,75,10.29,broken clouds
368,Kizukuri,JP,40.81,140.39,69.01,96,100,1.01,overcast clouds
369,Asfi,MA,32.3,-9.24,75.67,69,14,20.31,few clouds
370,Port-Cartier,CA,50.03,-66.87,62.6,55,40,13.87,scattered clouds
371,Salalah,OM,17.02,54.09,77.0,100,90,4.7,light intensity drizzle
372,Dukat,RU,62.55,155.55,30.94,98,100,4.47,overcast clouds
373,Tiznit,MA,29.58,-9.5,92.43,22,68,3.6,light rain
374,Saint-Augustin,CA,51.23,-58.65,64.0,65,100,3.65,overcast clouds
375,Kruisfontein,ZA,-34.0,24.73,55.0,75,0,5.66,clear sky
376,Deputatskiy,RU,69.3,139.9,28.31,99,100,1.3,overcast clouds
377,Aktash,RU,50.3,87.73,36.75,82,93,2.75,overcast clouds
378,Bairiki,KI,1.33,172.98,82.4,78,75,4.7,broken clouds
379,Rock Springs,US,41.59,-109.2,84.2,12,1,7.0,haze
380,Luanda,AO,-8.84,13.23,71.6,88,75,3.36,broken clouds
381,Fort Nelson,CA,58.81,-122.7,62.6,77,75,11.41,broken clouds
382,Yablonovo,RU,50.85,37.36,62.6,55,0,4.47,clear sky
383,Key Largo,US,25.09,-80.45,91.0,68,0,8.01,clear sky
384,Birigui,BR,-21.29,-50.34,70.9,40,0,12.97,clear sky
385,College,US,64.86,-147.8,66.99,59,40,5.82,scattered clouds
386,Matay,EG,28.42,30.78,87.13,36,0,20.78,clear sky
387,Loandjili,CG,-4.76,11.86,75.2,88,75,5.82,broken clouds
388,Kandrian,PG,-6.22,149.55,76.89,88,82,5.73,moderate rain
389,Kieta,PG,-6.22,155.63,78.73,75,100,3.18,overcast clouds
390,Bandarbeyla,SO,9.49,50.81,76.87,76,100,32.41,overcast clouds
391,Tigil,RU,57.8,158.67,45.36,84,94,1.97,overcast clouds
392,Arboletes,CO,8.85,-76.43,82.4,78,75,8.05,broken clouds
393,Dongning,CN,44.06,131.12,57.07,86,100,1.81,overcast clouds
394,Half Moon Bay,US,37.46,-122.43,81.0,87,75,11.41,broken clouds
395,Kulhudhuffushi,MV,6.62,73.07,83.26,70,0,5.55,clear sky
396,Geraldton,AU,-28.77,114.6,59.0,87,75,5.82,broken clouds
397,Krasnyy Chikoy,RU,50.36,108.75,54.21,88,30,2.48,scattered clouds
398,Kristiansund,NO,63.11,7.73,59.0,87,75,9.17,broken clouds
399,Brae,GB,60.4,-1.35,55.4,93,28,8.05,scattered clouds
400,Malaya Vishera,RU,58.85,32.22,59.4,79,99,6.17,overcast clouds
401,Nemuro,JP,43.32,145.57,59.86,87,0,6.78,clear sky
402,Romilly-Sur-Seine,FR,48.51,3.73,73.4,53,100,10.29,overcast clouds
403,Duxbury,US,42.04,-70.67,77.0,73,40,3.36,moderate rain
404,Galveston,US,29.37,-94.97,95.0,52,40,6.93,scattered clouds
405,Radomsko,PL,51.07,19.44,69.01,78,100,13.42,moderate rain
406,Placido De Castro,BR,-10.34,-67.19,75.6,33,24,5.46,few clouds
407,Awbari,LY,26.59,12.78,87.82,19,0,10.69,clear sky
408,Hervey Bay,AU,-25.3,152.85,53.6,40,0,8.05,clear sky
409,Fengxian,CN,34.7,116.59,72.5,97,3,3.69,clear sky
410,Sungai Pelek,MY,2.64,101.72,77.0,88,20,3.36,few clouds
411,Ayan,RU,56.45,138.17,55.74,55,0,12.57,clear sky
412,Tateyama,JP,34.98,139.87,80.01,90,97,1.01,moderate rain
413,Port Hawkesbury,CA,45.62,-61.35,73.99,49,1,11.41,clear sky
414,Oistins,BB,13.07,-59.53,87.8,70,20,10.29,few clouds
415,Le Passage,FR,44.2,0.6,73.4,60,95,6.93,overcast clouds
416,Osorno,CL,-40.57,-73.15,53.6,71,0,1.12,clear sky
417,Avarua,CK,-21.21,-159.78,73.4,83,52,8.05,broken clouds
418,Ranong,TH,9.97,98.63,79.81,83,63,7.87,broken clouds
419,Talakan,RU,50.32,130.37,59.63,87,97,5.26,light rain
420,Sistranda,NO,63.73,8.83,60.8,87,75,2.24,shower rain
421,Troitsko-Pechorsk,RU,62.71,56.2,50.43,95,0,3.67,clear sky
422,Cape Canaveral,US,28.41,-80.6,89.6,70,20,11.41,few clouds
423,Camacha,PT,33.08,-16.33,75.2,69,20,14.99,few clouds
424,Manoel Urbano,BR,-8.84,-69.26,82.15,35,0,4.18,clear sky
425,Nanortalik,GL,60.14,-45.24,48.92,66,43,3.29,scattered clouds
426,Salinas,US,36.68,-121.66,75.2,57,1,7.34,haze
427,Aksarka,RU,66.56,67.8,52.16,83,52,13.0,broken clouds
428,Shasta Lake,US,40.68,-122.37,91.0,29,90,4.25,haze
429,Bethanien,NA,-26.5,17.16,64.99,22,0,11.25,clear sky
430,Najran,SA,17.49,44.13,91.4,22,1,4.7,clear sky
431,Kamachumu,TZ,-1.62,31.62,69.8,83,20,1.25,few clouds
432,Sao Gabriel Da Cachoeira,BR,-0.13,-67.09,69.8,88,90,8.05,overcast clouds
433,Belmonte,BR,-15.86,-38.88,73.4,78,75,4.7,broken clouds
434,Saint-Philippe,RE,-21.36,55.77,71.6,68,34,9.17,scattered clouds
435,Rosarito,MX,32.33,-117.03,89.6,52,5,13.87,clear sky
436,Sitka,US,57.05,-135.33,57.2,87,75,4.7,broken clouds
437,Marmashen,AM,40.83,43.78,59.0,67,40,6.44,thunderstorm
438,Natal,BR,-5.79,-35.21,80.6,69,40,19.46,scattered clouds
439,Sao Filipe,CV,14.9,-24.5,79.36,77,26,3.09,scattered clouds
440,Aklavik,CA,68.22,-135.01,51.8,93,90,4.7,overcast clouds
441,Mus,TR,39.0,41.75,58.53,71,0,6.2,light rain
442,San Patricio,MX,19.22,-104.7,89.6,75,75,11.41,broken clouds
443,Batemans Bay,AU,-35.72,150.18,36.0,83,76,7.38,broken clouds
444,San Benito,GT,16.91,-89.91,94.69,44,49,2.53,scattered clouds
445,Romodanovo,RU,54.43,45.33,54.95,81,6,3.87,clear sky
446,Anadyr,RU,64.75,177.48,50.0,93,75,11.18,broken clouds
447,Lianran,CN,24.92,102.48,64.0,100,40,8.95,scattered clouds
448,Barela,IN,23.1,80.05,73.15,89,58,10.13,broken clouds
449,Xining,CN,36.62,101.77,55.42,83,100,1.9,light rain
450,Alice Springs,AU,-23.7,133.88,44.6,48,0,4.97,clear sky
451,Nelson Bay,AU,-32.72,152.15,50.0,66,88,26.4,overcast clouds
452,Edson,CA,53.58,-116.44,68.0,37,20,12.75,few clouds
453,Luderitz,NA,-26.65,15.16,67.64,26,0,9.75,clear sky
454,Yulara,AU,-25.24,130.99,50.0,46,0,5.82,clear sky
455,Mackay,AU,-21.15,149.2,50.0,61,56,9.17,broken clouds
456,Sinnamary,GF,5.38,-52.95,83.89,69,30,9.73,scattered clouds
457,Puerto Escondido,MX,15.85,-97.07,86.0,62,75,6.93,broken clouds
458,Adre,TD,13.47,22.2,71.64,88,100,11.74,moderate rain
459,Sambava,MG,-14.27,50.17,70.56,76,2,13.56,clear sky
460,Sankt Veit,DE,49.1,10.95,66.99,63,1,4.7,clear sky
461,Talcahuano,CL,-36.72,-73.12,59.0,62,0,8.05,clear sky
462,Valparaiso,CL,-33.04,-71.63,53.6,100,90,13.87,mist
463,Mayo,US,38.89,-76.51,84.0,74,90,6.93,overcast clouds
464,Iwanai,JP,42.97,140.51,56.28,85,4,4.09,clear sky
465,Hamilton,US,39.18,-84.53,82.99,69,40,5.82,scattered clouds
466,Litovko,RU,49.24,135.17,60.57,94,98,8.23,overcast clouds
467,Tsiroanomandidy,MG,-18.77,46.03,65.68,53,0,7.14,clear sky
468,Ugoofaaru,MV,5.67,73.0,83.8,67,0,4.72,clear sky
469,Velikodvorskiy,RU,55.25,40.67,55.36,81,0,2.06,clear sky
470,Leningradskiy,RU,69.38,178.42,45.3,87,11,5.12,few clouds
471,Itoman,JP,26.12,127.67,77.0,94,75,6.93,light rain
472,Pucallpa,PE,-8.38,-74.55,71.6,60,75,9.17,broken clouds
473,Nyrob,RU,60.73,56.72,48.83,94,1,2.17,clear sky
474,Shakawe,BW,-18.37,21.85,70.56,39,60,9.82,broken clouds
475,Lock Haven,US,41.14,-77.45,91.99,27,20,3.36,few clouds
476,Alamosa,US,37.47,-105.87,84.2,18,1,3.85,clear sky
477,Santa Cruz Del Sur,CU,20.71,-78.0,89.01,58,5,8.77,clear sky
478,Abonnema,NG,4.71,6.79,77.22,83,73,9.06,broken clouds
479,Agadir,MA,30.42,-9.6,86.0,45,40,3.36,scattered clouds
480,Camapua,BR,-19.53,-54.04,72.01,29,84,6.6,broken clouds
481,Krasnyy Luch,UA,48.14,38.94,57.24,68,7,7.94,clear sky
482,Puerto Cabezas,NI,14.04,-83.39,86.0,79,75,4.7,haze
483,Pangody,RU,65.85,74.49,54.61,85,100,13.85,overcast clouds
484,Elko,US,41.0,-115.5,89.01,13,1,4.7,haze
485,Kavieng,PG,-2.57,150.8,81.19,75,1,1.57,light rain
486,Tazovskiy,RU,67.47,78.7,52.32,82,100,5.37,overcast clouds
487,Carutapera,BR,-1.2,-46.02,84.27,69,9,9.57,clear sky
488,Coroico,BO,-16.19,-67.73,62.6,17,20,12.75,few clouds
489,Lujan,AR,-34.57,-59.1,64.99,18,0,14.99,clear sky
490,Bayan,CN,46.08,127.4,57.9,91,100,2.68,overcast clouds
491,Claye-Souilly,FR,48.94,2.69,73.4,43,100,9.17,overcast clouds
492,Honningsvag,NO,70.98,25.97,59.0,79,0,20.78,clear sky
493,Makokou,GA,0.57,12.86,72.45,92,100,2.13,moderate rain
494,Komyshuvakha,UA,47.72,35.53,68.0,60,19,8.95,few clouds
495,Piranshahr,IR,36.7,45.14,62.17,42,0,4.85,clear sky
496,Tangshan,CN,39.63,118.18,66.43,81,24,1.32,few clouds
497,Codrington,AU,-38.27,141.97,46.13,80,0,17.45,clear sky
498,Port Hueneme,US,34.15,-119.2,84.99,69,1,8.05,haze
499,Kidal,ML,18.44,1.41,99.68,21,2,12.33,clear sky
500,Bella Vista,US,36.43,-94.23,91.0,35,40,3.29,scattered clouds
501,Louis Trichardt,ZA,-23.04,29.9,52.99,74,0,3.27,clear sky
502,Bushenyi,UG,-0.59,30.21,68.72,62,97,3.53,overcast clouds
503,Guasdualito,VE,7.24,-70.73,82.4,74,40,3.36,scattered clouds
504,Gushikawa,JP,26.35,127.87,77.0,94,40,16.08,scattered clouds
505,Waingapu,ID,-9.66,120.26,73.36,80,69,6.91,broken clouds
506,Murom,RU,55.57,42.04,54.64,82,0,1.12,clear sky
507,Cahabon,GT,15.57,-89.82,90.68,48,12,3.0,light rain
508,Preobrazheniye,RU,42.9,133.91,61.84,68,0,4.94,clear sky
509,Husavik,IS,66.04,-17.34,50.0,71,0,11.41,clear sky
510,Zhigansk,RU,66.77,123.37,39.06,78,87,15.39,overcast clouds
511,Maceio,BR,-9.67,-35.74,78.8,69,40,5.82,scattered clouds
512,Road Town,VG,18.42,-64.62,84.2,79,40,20.8,scattered clouds
513,Koundara,GN,12.48,-13.3,79.32,89,76,2.91,light rain
514,Kerema,PG,-7.96,145.78,75.88,88,74,5.99,light rain
515,Diffa,NE,13.32,12.61,88.0,47,100,9.95,overcast clouds
516,Pahalgam,IN,34.03,75.33,58.06,60,0,2.08,clear sky
517,Srednekolymsk,RU,67.45,153.68,35.92,85,100,12.88,overcast clouds
518,Saint-Paul,RE,-21.01,55.27,71.6,53,90,12.75,overcast clouds
519,Necochea,AR,-38.55,-58.74,64.0,35,0,17.0,clear sky
520,Haverfordwest,GB,51.8,-4.97,66.0,82,93,38.03,overcast clouds
521,Moose Factory,CA,51.26,-80.61,66.2,72,40,9.17,scattered clouds
522,Tucano,BR,-10.96,-38.79,86.41,37,0,13.29,clear sky
523,Nome,US,64.5,-165.41,53.6,93,90,6.93,overcast clouds
524,Taikang,CN,46.83,124.42,62.55,67,100,8.93,overcast clouds
525,San Carlos De Bariloche,AR,-41.15,-71.31,57.2,28,0,13.87,clear sky
526,Upata,VE,8.01,-62.4,90.0,63,19,3.0,light rain
527,Roald,NO,62.58,6.13,60.8,82,75,12.75,light rain
528,Takoradi,GH,4.88,-1.76,75.74,86,30,9.84,scattered clouds
529,Kauhajoki,FI,62.43,22.18,64.4,93,75,8.05,shower rain
530,Edendale,ZA,-29.65,30.31,57.99,72,0,4.43,clear sky
531,Grindavik,IS,63.84,-22.43,53.6,76,0,12.75,clear sky
532,Metro,ID,-5.11,105.31,75.24,87,23,4.25,few clouds
533,Pokhara,NP,28.23,83.98,70.23,85,44,1.7,light rain
534,Coquimbo,CL,-29.95,-71.34,51.8,81,90,8.05,overcast clouds
535,Portland,US,45.52,-122.68,72.0,60,75,8.05,broken clouds
536,Biak,ID,-0.91,122.88,76.5,85,100,7.05,light rain
537,Kachug,RU,53.96,105.88,52.66,85,91,3.13,overcast clouds
538,Requena,ES,39.49,-1.1,77.0,70,0,4.0,clear sky
539,Ponnani,IN,10.77,75.93,78.8,83,20,5.82,mist
540,Zaysan,KZ,47.47,84.87,64.62,29,100,4.76,overcast clouds
541,Puerto Del Rosario,ES,28.5,-13.86,80.6,74,0,10.29,clear sky
542,Zalantun,CN,48.0,122.72,58.75,84,100,0.27,overcast clouds
543,Kangasala,FI,61.46,24.08,64.4,93,90,6.93,shower rain
544,Kathu,TH,7.92,98.33,86.0,78,20,4.7,few clouds
545,Izhma,RU,65.01,53.91,53.53,84,51,2.53,broken clouds
546,Trelew,AR,-43.25,-65.31,68.81,23,0,8.99,clear sky
547,Yumen,CN,40.28,97.2,62.33,45,33,2.06,scattered clouds
548,Sao Joao Da Barra,BR,-21.64,-41.05,64.4,93,90,18.34,light rain
549,Poya,NC,-21.35,165.15,67.78,82,3,1.97,clear sky
550,Koygorodok,RU,60.45,51.0,52.03,89,0,2.3,clear sky
551,Kuala Terengganu,MY,5.33,103.14,78.8,94,20,2.24,few clouds
552,Rio Gallegos,AR,-51.62,-69.22,55.4,47,75,13.87,shower rain
553,Harper,LR,4.38,-7.72,76.01,87,42,11.27,scattered clouds
554,Dzilam Gonzalez,MX,21.28,-88.93,82.9,89,95,6.64,moderate rain
555,Arnstadt,DE,50.83,10.95,68.0,64,0,10.29,clear sky
556,Bongandanga,CD,1.5,21.05,72.1,95,100,2.71,overcast clouds
557,Carballo,ES,43.21,-8.69,66.99,82,20,3.36,few clouds
558,Cabo Rojo,PR,18.09,-67.15,80.01,94,100,7.0,moderate rain
559,Zeya,RU,53.75,127.27,53.73,76,0,4.7,clear sky
560,Evensk,RU,61.95,159.23,43.75,72,100,10.25,overcast clouds
561,Whitianga,NZ,-36.83,175.7,53.01,97,13,3.58,light rain
562,Laguna,US,38.42,-121.42,87.01,42,75,3.13,haze
563,Mehamn,NO,71.04,27.85,61.56,76,55,17.31,broken clouds
564,Nerchinskiy Zavod,RU,51.31,119.61,55.44,94,100,4.74,light rain
565,Hailar,CN,49.2,119.7,60.64,88,100,7.49,moderate rain
566,Fairbanks,US,64.84,-147.72,66.99,55,90,10.29,overcast clouds
567,Akyab,MM,20.15,92.9,80.92,84,100,3.74,moderate rain
568,Santo Domingo,DO,18.5,-69.99,82.4,83,75,11.41,shower rain
569,Rancho Palos Verdes,US,33.74,-118.39,87.01,52,31,5.01,scattered clouds
570,Scarborough,GB,54.28,-0.4,59.0,89,100,1.01,light rain
571,Shizunai,JP,42.33,142.37,62.37,74,39,5.08,scattered clouds
572,Petatlan,MX,17.52,-101.27,91.4,63,20,10.29,few clouds
573,Mporokoso,ZM,-9.37,30.12,69.44,44,39,12.26,scattered clouds
574,Hofn,IS,64.25,-15.21,51.08,65,8,4.05,clear sky
575,Balurghat,IN,25.22,88.77,79.61,92,57,6.85,broken clouds
576,Port Lincoln,AU,-34.73,135.87,49.19,75,60,11.48,light rain
577,Nago,JP,26.59,127.98,77.0,94,40,12.68,scattered clouds
578,Rongcheng,CN,30.63,117.85,77.07,88,0,1.03,clear sky
579,San Isidro,PE,-12.12,-77.05,62.6,72,90,12.75,overcast clouds
580,Gogrial,SS,8.53,28.1,75.58,86,20,3.67,few clouds
581,Pemangkat,ID,1.17,108.97,78.49,86,100,5.48,light rain
582,Bahir Dar,ET,11.59,37.39,63.84,90,96,2.33,moderate rain
583,Eyl,SO,7.98,49.82,77.36,72,100,25.88,overcast clouds
584,Kalianget,ID,-7.05,113.93,80.24,81,5,12.39,clear sky
585,Svetlogorsk,BY,52.63,29.73,60.87,72,100,7.85,overcast clouds
586,Laela,TZ,-8.57,32.05,62.35,51,93,8.95,overcast clouds
587,Indianola,US,41.36,-93.56,86.0,62,0,12.28,clear sky
588,Bud,US,39.45,-86.18,84.0,54,1,2.15,clear sky
589,Sydney Mines,CA,46.24,-60.22,72.0,64,75,6.93,broken clouds
590,Shihezi,CN,44.3,86.03,72.23,27,97,5.77,overcast clouds
591,Oktyabrskoye,RU,43.06,44.74,57.2,100,99,4.47,overcast clouds
592,Key West,US,24.56,-81.78,93.2,62,20,14.99,few clouds
593,Shenjiamen,CN,29.96,122.3,79.92,86,0,2.89,clear sky
594,Thinadhoo,MV,0.53,72.93,83.8,76,3,9.71,clear sky
595,Ballina,AU,-28.87,153.57,51.8,46,0,6.93,clear sky
596,Karonga,MW,-9.93,33.93,71.8,65,24,9.51,few clouds
597,Kralendijk,BQ,12.15,-68.27,91.4,49,92,10.29,overcast clouds
598,Fare,PF,-16.7,-151.02,77.25,78,52,24.29,light rain
599,Belaya Gora,RU,68.53,146.42,32.31,97,83,5.08,broken clouds
600,Tuatapere,NZ,-46.13,167.68,39.0,97,100,1.01,overcast clouds
601,Atambua,ID,-9.11,124.89,67.5,72,0,4.32,clear sky
602,Tonstad,NO,58.66,6.72,55.99,92,83,10.29,light rain
603,Santa Rosalia,MX,27.32,-112.28,88.18,53,24,8.72,few clouds
604,Buenaventura,CO,3.88,-77.03,80.04,86,100,7.29,moderate rain
605,Solntsevo,RU,51.42,36.75,59.0,67,0,6.71,clear sky
606,Kipushi,CD,-11.77,27.23,70.72,39,96,6.96,overcast clouds
607,Uchana,IN,29.47,76.17,83.08,74,0,8.55,clear sky
608,Kartaly,RU,53.05,60.65,53.24,82,1,5.35,clear sky
609,Sucua,EC,-2.47,-78.17,75.2,64,40,9.17,scattered clouds
610,Killybegs,IE,54.63,-8.45,60.8,93,90,9.17,overcast clouds
611,Cayenne,GF,4.93,-52.33,86.0,58,29,2.24,scattered clouds
612,Miraflores,MX,19.22,-98.81,73.4,31,20,10.29,few clouds
613,Baghdad,IQ,33.34,44.4,89.6,33,0,1.12,clear sky
614,Warsaw,PL,52.23,21.01,72.0,100,75,3.36,light intensity shower rain
615,Zaozerne,UA,45.16,33.28,74.01,62,0,11.1,clear sky
616,Marstal,DK,54.86,10.52,66.2,72,100,9.17,overcast clouds
617,Tapes,BR,-30.67,-51.4,55.51,54,0,5.06,clear sky
618,Gazanjyk,TM,39.24,55.52,80.53,56,100,16.49,overcast clouds
619,Hamina,FI,60.57,27.2,62.6,93,90,12.75,shower rain
620,Yerbogachen,RU,61.28,108.01,50.99,68,100,5.97,overcast clouds
621,Presidencia Roque Saenz Pena,AR,-26.79,-60.44,67.62,25,0,7.65,clear sky
622,Celestun,MX,20.87,-90.4,86.85,65,81,12.59,broken clouds
623,Ostrovnoy,RU,68.05,39.51,60.55,74,50,16.46,scattered clouds
624,Fukue,JP,32.69,128.84,83.23,74,1,3.71,clear sky
625,Cuajinicuilapa,MX,16.47,-98.42,93.97,51,23,3.51,few clouds
626,Vao,NC,-22.67,167.48,72.32,88,59,10.78,broken clouds
627,Baymak,RU,52.59,58.32,49.14,87,0,5.41,clear sky
628,Koumac,NC,-20.57,164.28,68.63,79,0,2.08,clear sky
629,Gbarnga,LR,7.0,-9.47,72.18,96,100,4.09,light rain
630,Makakilo City,US,21.35,-158.09,84.2,54,1,10.29,clear sky
631,Coromandel,BR,-18.47,-47.2,60.98,76,98,7.05,overcast clouds
632,Mujiayingzi,CN,42.12,118.78,61.39,83,100,6.76,overcast clouds
633,Polessk,RU,54.86,21.1,68.0,94,75,6.71,broken clouds
634,Lorengau,PG,-2.02,147.27,80.71,76,21,1.99,few clouds
635,Amarpur,IN,25.03,86.9,80.94,80,83,6.33,light rain
636,Marsabit,KE,2.33,37.99,67.55,63,100,25.93,overcast clouds
637,Erenhot,CN,43.65,111.98,66.4,68,100,6.4,overcast clouds
638,Shirgaon,IN,19.7,72.7,81.41,85,100,18.14,light rain
639,Viedma,AR,-40.81,-63.0,72.0,21,0,11.01,clear sky
640,Yokkaichi,JP,34.97,136.62,75.2,83,40,11.41,scattered clouds
641,Castlemaine,AU,-37.07,144.22,41.0,68,100,12.84,overcast clouds
642,Rantepao,ID,-2.97,119.9,64.26,89,13,1.43,few clouds
643,Mount Gambier,AU,-37.83,140.77,44.6,87,75,12.75,broken clouds
644,Amberley,US,39.2,-84.43,82.99,69,40,5.82,light rain
645,Komsomolskiy,UZ,40.43,71.72,71.6,46,0,4.7,clear sky
646,Sri Aman,MY,1.24,111.46,73.4,100,100,1.86,moderate rain
647,Seymchan,RU,62.88,152.43,36.86,81,100,7.96,overcast clouds
648,Weligama,LK,5.97,80.42,79.68,87,100,7.05,light rain
649,Lata,PT,40.16,-8.33,71.01,73,0,3.0,clear sky
650,Pervomayskiy,RU,53.25,40.29,58.96,80,0,6.13,clear sky
651,Kiomboi,TZ,-4.27,34.37,66.97,49,53,10.54,broken clouds
652,Xiaoyi,CN,34.62,109.7,71.85,78,2,6.4,clear sky
653,Nizwa,OM,22.93,57.53,86.31,51,94,5.86,overcast clouds
654,Villavicencio,CO,4.14,-73.63,82.4,58,40,4.7,scattered clouds
655,Khani,GE,41.96,42.96,66.2,93,90,1.12,light rain
656,Chicama,PE,-7.84,-79.15,73.15,52,20,10.83,few clouds
657,Atasu,KZ,48.68,71.64,59.99,55,100,5.44,overcast clouds
658,Klaksvik,FO,62.23,-6.59,46.4,93,100,24.16,overcast clouds
659,Loralai,PK,30.37,68.6,80.33,57,2,8.68,clear sky
660,Batagay-Alyta,RU,67.8,130.41,29.91,97,68,1.21,broken clouds
661,Bundaberg,AU,-24.85,152.35,53.6,40,0,8.05,clear sky
662,Sayat,TM,38.78,63.88,75.2,38,0,8.34,clear sky
663,La Serena,CL,-29.91,-71.25,51.8,81,90,8.05,overcast clouds
664,Chipinge,ZW,-20.19,32.62,53.17,79,3,5.35,clear sky
665,Sindor,RU,62.86,51.89,53.83,94,0,2.77,clear sky
666,Cootamundra,AU,-34.65,148.03,41.0,93,100,4.0,overcast clouds
667,Kalmunai,LK,7.42,81.82,81.46,74,44,16.51,scattered clouds
668,Sawakin,SD,19.11,37.33,90.43,55,0,6.49,clear sky
669,Yar-Sale,RU,66.83,70.83,49.91,91,0,9.33,clear sky
670,Duki,PK,30.15,68.57,84.97,51,2,7.61,clear sky
671,Buin,CL,-33.73,-70.75,75.2,42,0,8.05,clear sky
672,Tshikapa,CD,-6.42,20.8,78.35,68,100,4.63,overcast clouds
673,Sorland,NO,67.67,12.69,56.73,92,100,18.19,light rain
674,Lincoln,US,40.8,-96.67,91.0,48,1,13.87,clear sky
675,El Dorado,US,33.21,-92.67,89.6,55,90,5.82,overcast clouds
676,Crawfordsville,US,40.04,-86.87,81.0,54,1,2.93,clear sky
677,Lodja,CD,-3.48,23.43,73.76,88,100,3.27,moderate rain
678,Boralday,KZ,43.36,76.86,66.2,52,20,4.47,few clouds
679,Tanete,ID,-3.94,119.78,72.95,86,57,7.05,broken clouds
680,Yabrud,SY,33.97,36.66,75.2,60,0,20.8,clear sky
681,Siwana,IN,25.63,72.42,83.91,79,100,8.01,moderate rain
682,Houma,US,29.6,-90.72,93.0,46,1,8.05,clear sky
683,Quatre Cocos,MU,-20.21,57.76,69.8,83,40,11.41,scattered clouds
684,Sicuani,PE,-14.27,-71.23,63.77,29,0,12.21,clear sky
685,Concepcion,CL,-36.83,-73.05,59.0,62,0,8.05,clear sky
686,Banjar,ID,-8.19,114.97,78.8,100,20,10.29,few clouds
687,Taoudenni,ML,22.68,-3.98,110.53,7,7,11.21,clear sky
688,San Rafael Del Sur,NI,11.85,-86.44,84.2,79,40,6.93,scattered clouds
689,Masinloc,PH,15.53,120.05,68.76,90,97,3.94,overcast clouds
690,Ahipara,NZ,-35.17,173.17,53.8,91,15,6.24,few clouds
691,Yingcheng,CN,30.95,113.55,78.8,94,0,2.24,clear sky
692,Stornoway,GB,58.21,-6.39,54.0,87,79,12.75,light rain
693,Port Macquarie,AU,-31.43,152.92,52.0,47,0,1.01,clear sky
694,Galashiels,GB,55.61,-2.81,60.01,80,68,1.01,broken clouds
695,Dawson Creek,CA,55.77,-120.24,60.8,51,20,19.46,few clouds
696,Rabo De Peixe,PT,37.8,-25.58,77.0,78,20,5.82,few clouds
697,Iquitos,PE,-3.75,-73.25,68.0,77,90,5.82,overcast clouds
698,Mana,GF,5.66,-53.78,84.9,63,24,9.22,few clouds
699,Naze,JP,28.37,129.48,84.2,83,100,3.36,overcast clouds
700,Totness,SR,5.88,-56.32,85.96,66,28,9.98,scattered clouds
701,Paciran,ID,-6.88,112.38,77.88,79,0,7.05,clear sky
702,Berlevag,NO,70.86,29.09,61.23,75,84,20.04,broken clouds
703,Hobyo,SO,5.35,48.53,76.51,77,100,27.0,overcast clouds
704,Juegang,CN,32.32,121.19,75.99,86,0,6.78,clear sky
705,Babstovo,RU,48.12,132.48,57.54,86,100,3.94,overcast clouds
706,Meadow Lake,US,34.8,-106.54,93.2,13,1,5.82,clear sky
707,Antalaha,MG,-14.9,50.28,67.62,79,0,8.57,clear sky
708,Bushehr,IR,28.97,50.84,86.0,70,0,4.7,clear sky
709,Domoni,KM,-12.26,44.53,75.0,76,0,1.92,clear sky
710,Prokuplje,RS,43.23,21.59,73.4,64,0,5.82,clear sky
711,Egvekinot,RU,66.32,-179.17,46.94,97,100,8.68,light rain
712,Odweyne,SO,9.41,45.06,75.61,53,89,18.12,overcast clouds
713,Tahoua,NE,14.89,5.27,85.73,54,83,6.22,broken clouds
714,Vyartsilya,RU,62.18,30.69,62.85,72,100,8.16,overcast clouds
715,Vanavara,RU,60.34,102.28,54.45,93,4,5.88,clear sky
716,Cap-Aux-Meules,CA,47.38,-61.86,69.8,56,20,13.87,few clouds
717,Varzea Alegre,BR,-5.35,-40.38,97.61,20,29,7.0,scattered clouds
718,Byron Bay,AU,-28.65,153.62,50.0,46,0,6.93,clear sky
719,Datong,CN,40.09,113.29,65.1,80,87,6.31,overcast clouds
720,Vestmanna,FO,62.16,-7.17,46.4,93,100,24.16,overcast clouds
721,Tucumcari,US,35.17,-103.72,94.51,18,0,2.44,clear sky
722,High Level,CA,58.52,-117.14,57.2,93,90,10.29,overcast clouds
